Datetime,Water Level (m)
2026-04-21 00:00:00,0.29973006
2026-04-21 01:00:00,0.048785035
2026-04-21 02:00:00,-0.15688817
2026-04-21 03:00:00,-0.3187466
2026-04-21 04:00:00,-0.45674923
2026-04-21 05:00:00,-0.5493095
2026-04-21 06:00:00,-0.34645468
2026-04-21 07:00:00,0.065225676
2026-04-21 08:00:00,0.47021493
2026-04-21 09:00:00,0.80728203
2026-04-21 10:00:00,1.0019903
2026-04-21 11:00:00,0.9819819
2026-04-21 12:00:00,0.69530463
2026-04-21 13:00:00,0.37656572
2026-04-21 14:00:00,0.12346916
2026-04-21 15:00:00,-0.06890194
2026-04-21 16:00:00,-0.22628276
2026-04-21 17:00:00,-0.35369816
2026-04-21 18:00:00,-0.3563789
2026-04-21 19:00:00,-0.019641647
2026-04-21 20:00:00,0.28970945
2026-04-21 21:00:00,0.53746724
2026-04-21 22:00:00,0.67535335
2026-04-21 23:00:00,0.64504635
2026-04-22 00:00:00,0.40452102
2026-04-22 01:00:00,0.14316721
2026-04-22 02:00:00,-0.07626983
2026-04-22 03:00:00,-0.25371197
2026-04-22 04:00:00,-0.40253592
2026-04-22 05:00:00,-0.5253234
2026-04-22 06:00:00,-0.56338704
2026-04-22 07:00:00,-0.23453441
2026-04-22 08:00:00,0.14097804
2026-04-22 09:00:00,0.4839068
2026-04-22 10:00:00,0.74723196
2026-04-22 11:00:00,0.8791072
2026-04-22 12:00:00,0.8113786
2026-04-22 13:00:00,0.5445659
2026-04-22 14:00:00,0.27470413
2026-04-22 15:00:00,0.057532668
2026-04-22 16:00:00,-0.11168604
2026-04-22 17:00:00,-0.24394275
2026-04-22 18:00:00,-0.34247875
2026-04-22 19:00:00,-0.3090729
2026-04-22 20:00:00,0.004174619
2026-04-22 21:00:00,0.2817444
2026-04-22 22:00:00,0.48502797
2026-04-22 23:00:00,0.57425606
2026-04-23 00:00:00,0.5044298
2026-04-23 01:00:00,0.2755688
2026-04-23 02:00:00,0.054539382
2026-04-23 03:00:00,-0.13518853
2026-04-23 04:00:00,-0.28740737
2026-04-23 05:00:00,-0.41339695
2026-04-23 06:00:00,-0.50197685
2026-04-23 07:00:00,-0.43693465
2026-04-23 08:00:00,-0.10974623
2026-04-23 09:00:00,0.20942321
2026-04-23 10:00:00,0.49915424
2026-04-23 11:00:00,0.70420057
2026-04-23 12:00:00,0.78421396
2026-04-23 13:00:00,0.692306
2026-04-23 14:00:00,0.44764337
2026-04-23 15:00:00,0.2135826
2026-04-23 16:00:00,0.023827422
2026-04-23 17:00:00,-0.12633643
2026-04-23 18:00:00,-0.24275225
2026-04-23 19:00:00,-0.3233563
2026-04-23 20:00:00,-0.29641744
2026-04-23 21:00:00,-0.0769613
2026-04-23 22:00:00,0.14769459
2026-04-23 23:00:00,0.32092458
2026-04-24 00:00:00,0.41461104
2026-04-24 01:00:00,0.38680378
2026-04-24 02:00:00,0.23330116
2026-04-24 03:00:00,0.041220378
2026-04-24 04:00:00,-0.13083552
2026-04-24 05:00:00,-0.2697921
2026-04-24 06:00:00,-0.38088802
2026-04-24 07:00:00,-0.45068014
2026-04-24 08:00:00,-0.384245
2026-04-24 09:00:00,-0.1286415
2026-04-24 10:00:00,0.14186242
2026-04-24 11:00:00,0.38885248
2026-04-24 12:00:00,0.5682521
2026-04-24 13:00:00,0.6545184
2026-04-24 14:00:00,0.6287821
2026-04-24 15:00:00,0.45910513
2026-04-24 16:00:00,0.23693058
2026-04-24 17:00:00,0.044904362
2026-04-24 18:00:00,-0.11525389
2026-04-24 19:00:00,-0.24125573
2026-04-24 20:00:00,-0.34102833
2026-04-24 21:00:00,-0.37897784
2026-04-24 22:00:00,-0.2592542
2026-04-24 23:00:00,-0.02689539
2026-04-25 00:00:00,0.17130527
2026-04-25 01:00:00,0.30922794
2026-04-25 02:00:00,0.36834377
2026-04-25 03:00:00,0.3405682
2026-04-25 04:00:00,0.19894372
2026-04-25 05:00:00,0.018090079
2026-04-25 06:00:00,-0.14192423
2026-04-25 07:00:00,-0.2702115
2026-04-25 08:00:00,-0.3606374
2026-04-25 09:00:00,-0.38003135
2026-04-25 10:00:00,-0.22560872
2026-04-25 11:00:00,0.03174417
2026-04-25 12:00:00,0.28354153
2026-04-25 13:00:00,0.48282912
2026-04-25 14:00:00,0.61023813
2026-04-25 15:00:00,0.64305156
2026-04-25 16:00:00,0.5531493
2026-04-25 17:00:00,0.34185937
2026-04-25 18:00:00,0.13129534
2026-04-25 19:00:00,-0.050146665
2026-04-25 20:00:00,-0.19515215
2026-04-25 21:00:00,-0.31516662
2026-04-25 22:00:00,-0.39493605
2026-04-25 23:00:00,-0.3643632
2026-04-26 00:00:00,-0.11583238
2026-04-26 01:00:00,0.13407914
2026-04-26 02:00:00,0.3333867
2026-04-26 03:00:00,0.4668071
2026-04-26 04:00:00,0.5182191
2026-04-26 05:00:00,0.45122847
2026-04-26 06:00:00,0.25878197
2026-04-26 07:00:00,0.062252738
2026-04-26 08:00:00,-0.10366674
2026-04-26 09:00:00,-0.2253558
2026-04-26 10:00:00,-0.29868472
2026-04-26 11:00:00,-0.25221694
2026-04-26 12:00:00,0.0013683094
2026-04-26 13:00:00,0.2815186
2026-04-26 14:00:00,0.5216442
2026-04-26 15:00:00,0.6865388
2026-04-26 16:00:00,0.75607216
2026-04-26 17:00:00,0.6659891
2026-04-26 18:00:00,0.43789783
2026-04-26 19:00:00,0.20405023
2026-04-26 20:00:00,0.011121953
2026-04-26 21:00:00,-0.14454918
2026-04-26 22:00:00,-0.26924643
2026-04-26 23:00:00,-0.34062225
2026-04-27 00:00:00,-0.25500897
